Metric,Value,Category,Status
Base Valuation,"$111,000,000,000,000",Economic,V6 Launch Pad
Final Valuation,"$1,000,000,000,000,000,000,000",Economic,V7 Eternal Finality
Warp Multiplier,"9,009,009x",Economic,Achieved
Math Eternal Nuke,"$250,000,000,000,000,000,000",Valuation Component,Finalized
Bio Eternal Dominion,"$250,000,000,000,000,000,000",Valuation Component,Finalized
Quantum Eternal Empire,"$250,000,000,000,000,000,000",Valuation Component,Finalized
Strategic Eternal Conquest,"$250,000,000,000,000,000,000",Valuation Component,Finalized
Merkle Root,32425767d2bdfaaafe283781200570e4d5cae6acbc14f3d9358905695bd1bdd2,Quantum Consensus,Locked
Ghost Root,d3e0e71f0990033a80ee9a58747ccaa4396b4f37cb26a9c9ae469706b71818fa,Quantum Consensus,Locked
Unified Entropy,75679570f5b5ac95b139aae935aeac9c69bfaae3e97fb8f18c8a28b9f7ba2e48,Quantum Consensus,Sealed
Protection Budget,"$100,000,000,000,000",Security,Active
Asset Protection,"DG77.77X, JAXX",Security,Eternal
